{
    "joint_pose": [
        -0.20358010474405308,
        0.04888969316928829,
        -0.0006264922862979592,
        -2.110963374332941,
        0.19652146121774142,
        1.8661964015215748,
        0.43672632317079435
    ],
    "O_T_EE": [
        0.9714359463360439,
        0.028493839873068846,
        -0.23554642506180537,
        0.48498478314908205,
        0.0864393294895608,
        -0.9670276118095648,
        0.23951553545089566,
        -0.0654099490240232,
        -0.22095517958354816,
        -0.25303447588893063,
        -0.941886505858468,
        0.27579019072367184,
        0.0,
        0.0,
        0.0,
        1.0
    ],
    "camera_intrinsics": [
        [
            633.8876342773438,
            0.0,
            641.9505615234375
        ],
        [
            0.0,
            633.3662109375,
            358.99456787109375
        ],
        [
            0.0,
            0.0,
            1.0
        ]
    ],
    "dist_coeffs": [
        -0.06063492223620415,
        0.07267043739557266,
        -0.000246976938797161,
        0.0005311704007908702,
        -0.02355414256453514
    ],
    "charuco_detected": true,
    "T_cam_target_rvec": [
        [
            0.015014141212984021
        ],
        [
            0.4290682585683758
        ],
        [
            -1.5079830850388674
        ]
    ],
    "T_cam_target_tvec": [
        [
            -0.12428565563829282
        ],
        [
            0.037360659906421165
        ],
        [
            0.38950615933591715
        ]
    ]
}