{
    "joint_pose": [
        -0.20359527233330127,
        0.04888593379342764,
        -0.0006694830521642878,
        -2.1110088104114197,
        0.1965022242135472,
        1.8661072437737791,
        0.436724475029442
    ],
    "O_T_EE": [
        0.9714104198424993,
        0.02843134658326682,
        -0.23565922617234014,
        0.48494457053794676,
        0.0864130742780907,
        -0.9670238499879782,
        0.2395401965907588,
        -0.06543150986900548,
        -0.22107764182846826,
        -0.2530558811549316,
        -0.9418520177486027,
        0.2757718004269419,
        0.0,
        0.0,
        0.0,
        1.0
    ],
    "camera_intrinsics": [
        [
            633.8876342773438,
            0.0,
            641.9505615234375
        ],
        [
            0.0,
            633.3662109375,
            358.99456787109375
        ],
        [
            0.0,
            0.0,
            1.0
        ]
    ],
    "dist_coeffs": [
        -0.06063492223620415,
        0.07267043739557266,
        -0.000246976938797161,
        0.0005311704007908702,
        -0.02355414256453514
    ],
    "charuco_detected": true,
    "T_cam_target_rvec": [
        [
            0.007145550675352684
        ],
        [
            0.4321487155215352
        ],
        [
            -1.5432404435920082
        ]
    ],
    "T_cam_target_tvec": [
        [
            -0.123209713416521
        ],
        [
            0.04392696388913035
        ],
        [
            0.39081131673491193
        ]
    ]
}