{
    "joint_pose": [
        -0.20358954908136714,
        0.04881783215884576,
        -0.00047731293644395214,
        -2.1111108841592117,
        0.19656036830805027,
        1.8663045241567824,
        0.4367573203496823
    ],
    "O_T_EE": [
        0.9714359763736465,
        0.028569765066709232,
        -0.23553710397809252,
        0.4849700608009572,
        0.08651155516794251,
        -0.9670220632259828,
        0.23951186072873482,
        -0.065333195216091,
        -0.22092677866345756,
        -0.25304711944498554,
        -0.9418897712683117,
        0.2757713235594433,
        0.0,
        0.0,
        0.0,
        1.0
    ],
    "camera_intrinsics": [
        [
            633.8876342773438,
            0.0,
            641.9505615234375
        ],
        [
            0.0,
            633.3662109375,
            358.99456787109375
        ],
        [
            0.0,
            0.0,
            1.0
        ]
    ],
    "dist_coeffs": [
        -0.06063492223620415,
        0.07267043739557266,
        -0.000246976938797161,
        0.0005311704007908702,
        -0.02355414256453514
    ],
    "charuco_detected": true,
    "T_cam_target_rvec": [
        [
            0.01431287391071305
        ],
        [
            0.42907451896016136
        ],
        [
            -1.5079264162287056
        ]
    ],
    "T_cam_target_tvec": [
        [
            -0.12418310085102467
        ],
        [
            0.03750160089482504
        ],
        [
            0.38923829768364776
        ]
    ]
}