{
    "joint_pose": [
        -0.20356751461133915,
        0.048918034708533883,
        -0.0006247429424128903,
        -2.111036511471397,
        0.19645547348732487,
        1.866181288365111,
        0.43673958162797816
    ],
    "O_T_EE": [
        0.9714041495773601,
        0.02850110701914686,
        -0.2356766457838182,
        0.4849509350409513,
        0.08647214020733882,
        -0.9670344380904151,
        0.23947612732532902,
        -0.06540696115378618,
        -0.22108209799315834,
        -0.25300756776635464,
        -0.94186395146717,
        0.2757456134948915,
        0.0,
        0.0,
        0.0,
        1.0
    ],
    "camera_intrinsics": [
        [
            634.578369140625,
            0.0,
            641.9505615234375
        ],
        [
            0.0,
            634.056396484375,
            358.99456787109375
        ],
        [
            0.0,
            0.0,
            1.0
        ]
    ],
    "dist_coeffs": [
        -0.06063492223620415,
        0.07267043739557266,
        -0.000246976938797161,
        0.0005311704007908702,
        -0.02355414256453514
    ],
    "charuco_detected": true,
    "T_cam_target_rvec": [
        [
            0.019571354937216956
        ],
        [
            0.4304363847091131
        ],
        [
            -1.5075627849691677
        ]
    ],
    "T_cam_target_tvec": [
        [
            -0.12474392926214442
        ],
        [
            0.03713233169264196
        ],
        [
            0.3903815079781583
        ]
    ]
}