{
    "joint_pose": [
        -0.20356870085105558,
        0.048905956777400734,
        -0.0006422462057536977,
        -2.1109566382357947,
        0.19645249031830136,
        1.8661836907887246,
        0.43679046704040625
    ],
    "O_T_EE": [
        0.9714273549250951,
        0.02845803027752855,
        -0.23558618397629863,
        0.48497958453390205,
        0.08640102676192178,
        -0.9670450592882857,
        0.2394589041263795,
        -0.06542284371696251,
        -0.22100792650700846,
        -0.252971818035226,
        -0.9418909613931322,
        0.27578262074011056,
        0.0,
        0.0,
        0.0,
        1.0
    ],
    "camera_intrinsics": [
        [
            634.578369140625,
            0.0,
            641.9505615234375
        ],
        [
            0.0,
            634.056396484375,
            358.99456787109375
        ],
        [
            0.0,
            0.0,
            1.0
        ]
    ],
    "dist_coeffs": [
        -0.06063492223620415,
        0.07267043739557266,
        -0.000246976938797161,
        0.0005311704007908702,
        -0.02355414256453514
    ],
    "charuco_detected": true,
    "T_cam_target_rvec": [
        [
            0.020060816523662456
        ],
        [
            0.4308224753212509
        ],
        [
            -1.5082490594468116
        ]
    ],
    "T_cam_target_tvec": [
        [
            -0.12428201971556417
        ],
        [
            0.037134888755758697
        ],
        [
            0.39031849842918415
        ]
    ]
}