{
    "joint_pose": [
        -0.2910307861502128,
        0.1112430189642896,
        -0.0007152019032635761,
        -1.8830247856441298,
        0.31286058307324166,
        1.6096631324558308,
        0.07294825851266652
    ],
    "O_T_EE": [
        0.9267316364349468,
        0.2788218718474467,
        -0.25181105124139586,
        0.5046598666176806,
        0.3616268236292629,
        -0.8437212178449788,
        0.3966665139093592,
        -0.08508993482982867,
        -0.10185902691280604,
        -0.4586650381693376,
        -0.8827496084483409,
        0.3364057721122326,
        0.0,
        0.0,
        0.0,
        1.0
    ],
    "camera_intrinsics": [
        [
            633.8876342773438,
            0.0,
            641.9505615234375
        ],
        [
            0.0,
            633.3662109375,
            358.99456787109375
        ],
        [
            0.0,
            0.0,
            1.0
        ]
    ],
    "dist_coeffs": [
        -0.06063492223620415,
        0.07267043739557266,
        -0.000246976938797161,
        0.0005311704007908702,
        -0.02355414256453514
    ],
    "charuco_detected": true,
    "T_cam_target_rvec": [
        [
            -0.16999950677890774
        ],
        [
            0.5266831340308236
        ],
        [
            -1.2039425233653995
        ]
    ],
    "T_cam_target_tvec": [
        [
            -0.05384576601870326
        ],
        [
            0.014422375883730704
        ],
        [
            0.4698833964896548
        ]
    ]
}