{
    "joint_pose": [
        -0.2910209655848989,
        0.11125423870762864,
        -0.0006443229042698496,
        -1.8830971901876883,
        0.3128766735394786,
        1.6095754871904873,
        0.0728591512673431
    ],
    "O_T_EE": [
        0.9266559414852861,
        0.27891837546743037,
        -0.2519826885296774,
        0.5046288919684973,
        0.36180120491538786,
        -0.843624790170233,
        0.39671258929206427,
        -0.08503209792285436,
        -0.10192841180455968,
        -0.4587837182573596,
        -0.8826799228364389,
        0.3363733602512071,
        0.0,
        0.0,
        0.0,
        1.0
    ],
    "camera_intrinsics": [
        [
            633.8876342773438,
            0.0,
            641.9505615234375
        ],
        [
            0.0,
            633.3662109375,
            358.99456787109375
        ],
        [
            0.0,
            0.0,
            1.0
        ]
    ],
    "dist_coeffs": [
        -0.06063492223620415,
        0.07267043739557266,
        -0.000246976938797161,
        0.0005311704007908702,
        -0.02355414256453514
    ],
    "charuco_detected": true,
    "T_cam_target_rvec": [
        [
            -0.17877854148546873
        ],
        [
            0.5260742677226398
        ],
        [
            -1.2387617414948917
        ]
    ],
    "T_cam_target_tvec": [
        [
            -0.05465871466593159
        ],
        [
            0.02093735831660584
        ],
        [
            0.47111186306094305
        ]
    ]
}