{
    "joint_pose": [
        -0.290914112329747,
        0.11118175074280613,
        -0.0005929300542757438,
        -1.8829624406914962,
        0.3128342145976985,
        1.6097195734837362,
        0.0729578469230069
    ],
    "O_T_EE": [
        0.926666730850887,
        0.2790853004505712,
        -0.2517580827107751,
        0.5047074997471597,
        0.36182793425236204,
        -0.8436907303362114,
        0.39654794413241967,
        -0.08498515019830821,
        -0.10173525853904553,
        -0.4585608940134045,
        -0.8828179856539773,
        0.3364604893974145,
        0.0,
        0.0,
        0.0,
        1.0
    ],
    "camera_intrinsics": [
        [
            633.8876342773438,
            0.0,
            641.9505615234375
        ],
        [
            0.0,
            633.3662109375,
            358.99456787109375
        ],
        [
            0.0,
            0.0,
            1.0
        ]
    ],
    "dist_coeffs": [
        -0.06063492223620415,
        0.07267043739557266,
        -0.000246976938797161,
        0.0005311704007908702,
        -0.02355414256453514
    ],
    "charuco_detected": true,
    "T_cam_target_rvec": [
        [
            -0.17088160356654603
        ],
        [
            0.5278241989288689
        ],
        [
            -1.2040478884031889
        ]
    ],
    "T_cam_target_tvec": [
        [
            -0.05369109908007656
        ],
        [
            0.014665419372428509
        ],
        [
            0.46979188044573506
        ]
    ]
}