{
    "joint_pose": [
        -0.2910703006921492,
        0.11124182671769674,
        -0.0007378776720264475,
        -1.883127692103286,
        0.31290326581218975,
        1.6096284781032137,
        0.07284956236989193
    ],
    "O_T_EE": [
        0.926717443470873,
        0.2788005899391574,
        -0.2518868386171835,
        0.5046211447969581,
        0.36165326081800264,
        -0.8436693211796801,
        0.39675278578077067,
        -0.0851013579027741,
        -0.1018942874145717,
        -0.458773423871745,
        -0.8826892134305476,
        0.3363685438182473,
        0.0,
        0.0,
        0.0,
        1.0
    ],
    "camera_intrinsics": [
        [
            634.578369140625,
            0.0,
            641.9505615234375
        ],
        [
            0.0,
            634.056396484375,
            358.99456787109375
        ],
        [
            0.0,
            0.0,
            1.0
        ]
    ],
    "dist_coeffs": [
        -0.06063492223620415,
        0.07267043739557266,
        -0.000246976938797161,
        0.0005311704007908702,
        -0.02355414256453514
    ],
    "charuco_detected": true,
    "T_cam_target_rvec": [
        [
            -0.16487574792558438
        ],
        [
            0.5284973257462776
        ],
        [
            -1.2045251470239078
        ]
    ],
    "T_cam_target_tvec": [
        [
            -0.05371655653881045
        ],
        [
            0.014111858127513015
        ],
        [
            0.47097231961871633
        ]
    ]
}