{
    "joint_pose": [
        -0.2910948279880154,
        0.11126476339180488,
        -0.0007281721473685979,
        -1.8831020693357117,
        0.31290769608900837,
        1.6096000977979525,
        0.0728509865237607
    ],
    "O_T_EE": [
        0.9267188824003956,
        0.2787823598126833,
        -0.2519017218209612,
        0.5046218075623427,
        0.36164552198877725,
        -0.8436652445258556,
        0.3967685086163982,
        -0.08510766306389037,
        -0.1019086666051268,
        -0.4587919985544735,
        -0.8826778988475661,
        0.3363672791603849,
        0.0,
        0.0,
        0.0,
        1.0
    ],
    "camera_intrinsics": [
        [
            634.578369140625,
            0.0,
            641.9505615234375
        ],
        [
            0.0,
            634.056396484375,
            358.99456787109375
        ],
        [
            0.0,
            0.0,
            1.0
        ]
    ],
    "dist_coeffs": [
        -0.06063492223620415,
        0.07267043739557266,
        -0.000246976938797161,
        0.0005311704007908702,
        -0.02355414256453514
    ],
    "charuco_detected": true,
    "T_cam_target_rvec": [
        [
            -0.16627477531833243
        ],
        [
            0.5297869788798135
        ],
        [
            -1.204132348765533
        ]
    ],
    "T_cam_target_tvec": [
        [
            -0.054079371781103155
        ],
        [
            0.014045753945674295
        ],
        [
            0.4711515909164283
        ]
    ]
}