{
    "joint_pose": [
        0.5045335820707365,
        -0.4668652734290887,
        -0.0004596471072983135,
        -2.70626530161492,
        -0.5709020397366416,
        2.151074640546916,
        1.6477062755856247
    ],
    "O_T_EE": [
        0.975054434468666,
        -0.06242779095505098,
        0.21296300343274913,
        0.3534121907308777,
        0.028329429959151428,
        -0.9167444421826325,
        -0.3984480827729707,
        0.1161589860332285,
        0.22010688340528564,
        0.3945416905029618,
        -0.8921243660518677,
        0.2775498551591058,
        0.0,
        0.0,
        0.0,
        1.0
    ],
    "camera_intrinsics": [
        [
            633.8876342773438,
            0.0,
            641.9505615234375
        ],
        [
            0.0,
            633.3662109375,
            358.99456787109375
        ],
        [
            0.0,
            0.0,
            1.0
        ]
    ],
    "dist_coeffs": [
        -0.06063492223620415,
        0.07267043739557266,
        -0.000246976938797161,
        0.0005311704007908702,
        -0.02355414256453514
    ],
    "charuco_detected": true,
    "T_cam_target_rvec": [
        [
            0.1919511693657883
        ],
        [
            -0.4604572024951662
        ],
        [
            -1.6267383342651152
        ]
    ],
    "T_cam_target_tvec": [
        [
            -0.14351001366864397
        ],
        [
            0.06284218895915221
        ],
        [
            0.30420766541158284
        ]
    ]
}