{
    "joint_pose": [
        0.5045581496761511,
        -0.4668494181697551,
        -0.0004999309961661171,
        -2.7062606083719354,
        -0.5708977463973851,
        2.151048337017099,
        1.6477188031703314
    ],
    "O_T_EE": [
        0.9750621327303998,
        -0.06244920075987532,
        0.2129214747056121,
        0.35341013558191153,
        0.02829445442081164,
        -0.9167412562941692,
        -0.39845789808689314,
        0.11615169798237766,
        0.22007727748561645,
        0.3945457048731482,
        -0.8921298947246206,
        0.27754341115952746,
        0.0,
        0.0,
        0.0,
        1.0
    ],
    "camera_intrinsics": [
        [
            634.578369140625,
            0.0,
            641.9505615234375
        ],
        [
            0.0,
            634.056396484375,
            358.99456787109375
        ],
        [
            0.0,
            0.0,
            1.0
        ]
    ],
    "dist_coeffs": [
        -0.06063492223620415,
        0.07267043739557266,
        -0.000246976938797161,
        0.0005311704007908702,
        -0.02355414256453514
    ],
    "charuco_detected": true,
    "T_cam_target_rvec": [
        [
            0.18218752393989648
        ],
        [
            -0.4597503864529942
        ],
        [
            -1.59119373941591
        ]
    ],
    "T_cam_target_tvec": [
        [
            -0.14569519376339793
        ],
        [
            0.05595014786711821
        ],
        [
            0.3061833279244999
        ]
    ]
}