{
    "joint_pose": [
        0.504475846064868,
        -0.46701488485400866,
        -0.0005467616938381403,
        -2.706440186584205,
        -0.5706831872217548,
        2.1511782433542304,
        1.6476323034507898
    ],
    "O_T_EE": [
        0.9750796651078024,
        -0.06253855910332531,
        0.21281492944886915,
        0.3533701142098463,
        0.02812174107857768,
        -0.9168248058503193,
        -0.3982778477205772,
        0.11612064940819693,
        0.2200217290932275,
        0.3943373567188536,
        -0.8922357097867903,
        0.27751878987720646,
        0.0,
        0.0,
        0.0,
        1.0
    ],
    "camera_intrinsics": [
        [
            633.8876342773438,
            0.0,
            641.9505615234375
        ],
        [
            0.0,
            633.3662109375,
            358.99456787109375
        ],
        [
            0.0,
            0.0,
            1.0
        ]
    ],
    "dist_coeffs": [
        -0.06063492223620415,
        0.07267043739557266,
        -0.000246976938797161,
        0.0005311704007908702,
        -0.02355414256453514
    ],
    "charuco_detected": true,
    "T_cam_target_rvec": [
        [
            0.1832090564216915
        ],
        [
            -0.4588455500520167
        ],
        [
            -1.5915413904455413
        ]
    ],
    "T_cam_target_tvec": [
        [
            -0.14531318686879877
        ],
        [
            0.0561159800655107
        ],
        [
            0.3053086121675904
        ]
    ]
}