{
    "joint_pose": [
        0.5045534440623723,
        -0.46681827841245555,
        -0.0005892637455327124,
        -2.7062606083719354,
        -0.570886342798486,
        2.1510603501531813,
        1.6477173382074737
    ],
    "O_T_EE": [
        0.9750743733625141,
        -0.06250962886478081,
        0.21284767289548281,
        0.35341783637704893,
        0.028203489357222243,
        -0.9167501670995194,
        -0.3984438452104355,
        0.11612602361967946,
        0.2200347165812382,
        0.3945154297659332,
        -0.8921537817870302,
        0.2775291781488596,
        0.0,
        0.0,
        0.0,
        1.0
    ],
    "camera_intrinsics": [
        [
            634.578369140625,
            0.0,
            641.9505615234375
        ],
        [
            0.0,
            634.056396484375,
            358.99456787109375
        ],
        [
            0.0,
            0.0,
            1.0
        ]
    ],
    "dist_coeffs": [
        -0.06063492223620415,
        0.07267043739557266,
        -0.000246976938797161,
        0.0005311704007908702,
        -0.02355414256453514
    ],
    "charuco_detected": true,
    "T_cam_target_rvec": [
        [
            0.18217140887925085
        ],
        [
            -0.46038303678944875
        ],
        [
            -1.5919876410634017
        ]
    ],
    "T_cam_target_tvec": [
        [
            -0.14528637523482868
        ],
        [
            0.05580081906659274
        ],
        [
            0.3062475054161898
        ]
    ]
}