{
    "joint_pose": [
        0.5045243901369882,
        -0.46684026000630885,
        -0.0005427597911280284,
        -2.706203284862525,
        -0.570878779484166,
        2.151140388859643,
        1.6476358928316166
    ],
    "O_T_EE": [
        0.9750512760641354,
        -0.06244040257440388,
        0.2129737668163581,
        0.35344613764635807,
        0.028300939545328613,
        -0.9167824998508852,
        -0.39836253214325673,
        0.11615576926651071,
        0.22012453922214406,
        0.3944512530018333,
        -0.8921600011390696,
        0.2775667879942382,
        0.0,
        0.0,
        0.0,
        1.0
    ],
    "camera_intrinsics": [
        [
            633.8876342773438,
            0.0,
            641.9505615234375
        ],
        [
            0.0,
            633.3662109375,
            358.99456787109375
        ],
        [
            0.0,
            0.0,
            1.0
        ]
    ],
    "dist_coeffs": [
        -0.06063492223620415,
        0.07267043739557266,
        -0.000246976938797161,
        0.0005311704007908702,
        -0.02355414256453514
    ],
    "charuco_detected": true,
    "T_cam_target_rvec": [
        [
            0.18332942960128115
        ],
        [
            -0.45890892584157494
        ],
        [
            -1.591673948381696
        ]
    ],
    "T_cam_target_tvec": [
        [
            -0.14528789326618
        ],
        [
            0.05613233589676218
        ],
        [
            0.3055193317470102
        ]
    ]
}