{
    "joint_pose": [
        -0.1925697667435021,
        0.09645605900707314,
        -0.0007157495332292586,
        -1.8817516725941705,
        0.06628857623206244,
        1.6408352575831944,
        0.10964297403232097
    ],
    "O_T_EE": [
        0.8577803549963549,
        0.4089981079135447,
        -0.31131338413316656,
        0.5044501565988494,
        0.46435844181829555,
        -0.8763091701275343,
        0.12819726666154568,
        -0.08498274111655152,
        -0.22037433379506913,
        -0.25452609487976074,
        -0.9416206442512102,
        0.335921223179649,
        0.0,
        0.0,
        0.0,
        1.0
    ],
    "camera_intrinsics": [
        [
            634.578369140625,
            0.0,
            641.9505615234375
        ],
        [
            0.0,
            634.056396484375,
            358.99456787109375
        ],
        [
            0.0,
            0.0,
            1.0
        ]
    ],
    "dist_coeffs": [
        -0.06063492223620415,
        0.07267043739557266,
        -0.000246976938797161,
        0.0005311704007908702,
        -0.02355414256453514
    ],
    "charuco_detected": true,
    "T_cam_target_rvec": [
        [
            0.0971486620416442
        ],
        [
            0.4009414439683603
        ],
        [
            -1.104704188878405
        ]
    ],
    "T_cam_target_tvec": [
        [
            -0.1507870338079874
        ],
        [
            -0.054107427838699255
        ],
        [
            0.43617035659825615
        ]
    ]
}