{
    "joint_pose": [
        -0.19256700565173684,
        0.09642792005790843,
        -0.0007174209472886694,
        -1.881718079583731,
        0.06631422253363317,
        1.6408782380951774,
        0.10962156524591976
    ],
    "O_T_EE": [
        0.8578005828177665,
        0.4090334626250133,
        -0.3112111793951029,
        0.5044708588490798,
        0.4643675790521027,
        -0.8763035531003807,
        0.12820256507616257,
        -0.08498120502607533,
        -0.2202763231579772,
        -0.2544886169907184,
        -0.941653707117113,
        0.3359498945717423,
        0.0,
        0.0,
        0.0,
        1.0
    ],
    "camera_intrinsics": [
        [
            634.578369140625,
            0.0,
            641.9505615234375
        ],
        [
            0.0,
            634.056396484375,
            358.99456787109375
        ],
        [
            0.0,
            0.0,
            1.0
        ]
    ],
    "dist_coeffs": [
        -0.06063492223620415,
        0.07267043739557266,
        -0.000246976938797161,
        0.0005311704007908702,
        -0.02355414256453514
    ],
    "charuco_detected": true,
    "T_cam_target_rvec": [
        [
            0.09713776218611708
        ],
        [
            0.4015944196012651
        ],
        [
            -1.1047671859598973
        ]
    ],
    "T_cam_target_tvec": [
        [
            -0.15030348132460983
        ],
        [
            -0.05398824272085506
        ],
        [
            0.4361705197495091
        ]
    ]
}