{
    "joint_pose": [
        -0.19258949495156996,
        0.09629525285114639,
        -0.0005006609346304814,
        -1.881955607171145,
        0.06636383806927777,
        1.641007964463565,
        0.10972138951553238
    ],
    "O_T_EE": [
        0.8577724431283791,
        0.4091022575227692,
        -0.31119831322673447,
        0.5044470919830811,
        0.4644348404023903,
        -0.8762675722323054,
        0.1282048525952526,
        -0.08486654086038932,
        -0.22024409579188753,
        -0.2545019285684951,
        -0.9416576477764435,
        0.33592560304172864,
        0.0,
        0.0,
        0.0,
        1.0
    ],
    "camera_intrinsics": [
        [
            633.8876342773438,
            0.0,
            641.9505615234375
        ],
        [
            0.0,
            633.3662109375,
            358.99456787109375
        ],
        [
            0.0,
            0.0,
            1.0
        ]
    ],
    "dist_coeffs": [
        -0.06063492223620415,
        0.07267043739557266,
        -0.000246976938797161,
        0.0005311704007908702,
        -0.02355414256453514
    ],
    "charuco_detected": true,
    "T_cam_target_rvec": [
        [
            0.0917728242250997
        ],
        [
            0.3984908116640358
        ],
        [
            -1.105095211641628
        ]
    ],
    "T_cam_target_tvec": [
        [
            -0.1502323930076586
        ],
        [
            -0.05345279518213864
        ],
        [
            0.4348790769514803
        ]
    ]
}