{
    "joint_pose": [
        -0.19258976821941243,
        0.09640866474190589,
        -0.0007286787087653288,
        -1.8817035090295893,
        0.06637283776718741,
        1.6408091777695548,
        0.1096302080783344
    ],
    "O_T_EE": [
        0.8578234485691983,
        0.4089735191835911,
        -0.31122693246282224,
        0.5044595215499126,
        0.46432782989545224,
        -0.8763138952421022,
        0.12827582428157888,
        -0.08498406349371654,
        -0.22027107020813316,
        -0.25454933610876124,
        -0.9416385237524342,
        0.33596535304422415,
        0.0,
        0.0,
        0.0,
        1.0
    ],
    "camera_intrinsics": [
        [
            633.8876342773438,
            0.0,
            641.9505615234375
        ],
        [
            0.0,
            633.3662109375,
            358.99456787109375
        ],
        [
            0.0,
            0.0,
            1.0
        ]
    ],
    "dist_coeffs": [
        -0.06063492223620415,
        0.07267043739557266,
        -0.000246976938797161,
        0.0005311704007908702,
        -0.02355414256453514
    ],
    "charuco_detected": true,
    "T_cam_target_rvec": [
        [
            0.0875167720875594
        ],
        [
            0.40188314147353627
        ],
        [
            -1.1404761393307208
        ]
    ],
    "T_cam_target_tvec": [
        [
            -0.15205878645212495
        ],
        [
            -0.04737137890838796
        ],
        [
            0.4368574911081761
        ]
    ]
}