{
    "joint_pose": [
        -0.19256724663691208,
        0.09643785116442462,
        -0.0007046377300448192,
        -1.8816843163339716,
        0.06633854793511877,
        1.6408638137711418,
        0.1097217867804898
    ],
    "O_T_EE": [
        0.8578428965063205,
        0.40895428224538116,
        -0.3111986044411508,
        0.5044798833885831,
        0.46428772339264385,
        -0.876343048281048,
        0.1282218198068742,
        -0.0849713307283186,
        -0.22027987134944937,
        -0.2544798688773903,
        -0.9416552413273626,
        0.33595840935273413,
        0.0,
        0.0,
        0.0,
        1.0
    ],
    "camera_intrinsics": [
        [
            633.8876342773438,
            0.0,
            641.9505615234375
        ],
        [
            0.0,
            633.3662109375,
            358.99456787109375
        ],
        [
            0.0,
            0.0,
            1.0
        ]
    ],
    "dist_coeffs": [
        -0.06063492223620415,
        0.07267043739557266,
        -0.000246976938797161,
        0.0005311704007908702,
        -0.02355414256453514
    ],
    "charuco_detected": true,
    "T_cam_target_rvec": [
        [
            0.09336612289507251
        ],
        [
            0.39979949141454907
        ],
        [
            -1.1052075125257013
        ]
    ],
    "T_cam_target_tvec": [
        [
            -0.15029384765718481
        ],
        [
            -0.053606275592052686
        ],
        [
            0.4351661852835836
        ]
    ]
}