{
    "joint_pose": [
        -0.22428793792125798,
        -0.19402200515853665,
        -0.0005726196136942153,
        -2.4247916289505267,
        0.27990216405776647,
        2.149280574695181,
        0.3109325947397285
    ],
    "O_T_EE": [
        0.9963190779755257,
        0.08520870008800559,
        -0.008277711746076243,
        0.44422720443820723,
        0.08470953496955899,
        -0.9672369936827242,
        0.23928798976604082,
        -0.06530668240278424,
        0.012382909530789474,
        -0.23910839044694093,
        -0.9709133521802942,
        0.27580027114434286,
        0.0,
        0.0,
        0.0,
        1.0
    ],
    "camera_intrinsics": [
        [
            634.578369140625,
            0.0,
            641.9505615234375
        ],
        [
            0.0,
            634.056396484375,
            358.99456787109375
        ],
        [
            0.0,
            0.0,
            1.0
        ]
    ],
    "dist_coeffs": [
        -0.06063492223620415,
        0.07267043739557266,
        -0.000246976938797161,
        0.0005311704007908702,
        -0.02355414256453514
    ],
    "charuco_detected": true,
    "T_cam_target_rvec": [
        [
            -0.15794504209016372
        ],
        [
            0.24383928694746917
        ],
        [
            -1.493214058957856
        ]
    ],
    "T_cam_target_tvec": [
        [
            -0.12806015531404605
        ],
        [
            0.06979118240237427
        ],
        [
            0.38057195877750005
        ]
    ]
}