{
    "joint_pose": [
        -0.2241656866575542,
        -0.19407051576336284,
        -0.0004313246852191856,
        -2.4247551532686664,
        0.279763152996699,
        2.1493529505892988,
        0.31103394488824737
    ],
    "O_T_EE": [
        0.9962982486746317,
        0.08545528308101558,
        -0.008242723501179,
        0.4442676059105538,
        0.0849428345000339,
        -0.9672604250025549,
        0.2391105032524411,
        -0.06521914050403269,
        0.012460395506152326,
        -0.23892553592830704,
        -0.9709573753484997,
        0.27583742964137337,
        0.0,
        0.0,
        0.0,
        1.0
    ],
    "camera_intrinsics": [
        [
            633.8876342773438,
            0.0,
            641.9505615234375
        ],
        [
            0.0,
            633.3662109375,
            358.99456787109375
        ],
        [
            0.0,
            0.0,
            1.0
        ]
    ],
    "dist_coeffs": [
        -0.06063492223620415,
        0.07267043739557266,
        -0.000246976938797161,
        0.0005311704007908702,
        -0.02355414256453514
    ],
    "charuco_detected": true,
    "T_cam_target_rvec": [
        [
            -0.16343575475525687
        ],
        [
            0.2437466484009005
        ],
        [
            -1.4932871002233052
        ]
    ],
    "T_cam_target_tvec": [
        [
            -0.12797829106288366
        ],
        [
            0.07019456252317495
        ],
        [
            0.3793719877557619
        ]
    ]
}