{
    "joint_pose": [
        -0.22424253495787858,
        -0.19402958205579698,
        -0.0005304472386143155,
        -2.4248218230197303,
        0.27981908573887343,
        2.149130172255458,
        0.3110169591921135
    ],
    "O_T_EE": [
        0.9963139469656032,
        0.08524807964245985,
        -0.008487183699391039,
        0.4441884852941367,
        0.0847979855180416,
        -0.9672319534619774,
        0.2392770341313415,
        -0.06526090429721107,
        0.01218883239328769,
        -0.2391147423740501,
        -0.970914243715768,
        0.27577840466491566,
        0.0,
        0.0,
        0.0,
        1.0
    ],
    "camera_intrinsics": [
        [
            633.8876342773438,
            0.0,
            641.9505615234375
        ],
        [
            0.0,
            633.3662109375,
            358.99456787109375
        ],
        [
            0.0,
            0.0,
            1.0
        ]
    ],
    "dist_coeffs": [
        -0.06063492223620415,
        0.07267043739557266,
        -0.000246976938797161,
        0.0005311704007908702,
        -0.02355414256453514
    ],
    "charuco_detected": true,
    "T_cam_target_rvec": [
        [
            -0.16211853119485134
        ],
        [
            0.2435510823613244
        ],
        [
            -1.4933603398399482
        ]
    ],
    "T_cam_target_tvec": [
        [
            -0.1280181604204716
        ],
        [
            0.06993247265124719
        ],
        [
            0.3795891373562902
        ]
    ]
}