{
    "joint_pose": [
        -0.22425852390339499,
        -0.1941160854388075,
        -0.0005280836051553509,
        -2.4248752762978536,
        0.27980016907056166,
        2.149050980620914,
        0.3109112956159645
    ],
    "O_T_EE": [
        0.996304158665151,
        0.08535793278468132,
        -0.008532000937064185,
        0.44415605080594645,
        0.08491525532046415,
        -0.9672198478404839,
        0.23928438025382953,
        -0.06525794098175498,
        0.012172499398008433,
        -0.2391245201884689,
        -0.97091204046842,
        0.27578859569129155,
        0.0,
        0.0,
        0.0,
        1.0
    ],
    "camera_intrinsics": [
        [
            633.8876342773438,
            0.0,
            641.9505615234375
        ],
        [
            0.0,
            633.3662109375,
            358.99456787109375
        ],
        [
            0.0,
            0.0,
            1.0
        ]
    ],
    "dist_coeffs": [
        -0.06063492223620415,
        0.07267043739557266,
        -0.000246976938797161,
        0.0005311704007908702,
        -0.02355414256453514
    ],
    "charuco_detected": true,
    "T_cam_target_rvec": [
        [
            -0.16785913087690324
        ],
        [
            0.2423467251036322
        ],
        [
            -1.5286700723855955
        ]
    ],
    "T_cam_target_tvec": [
        [
            -0.12733746341682417
        ],
        [
            0.07673639656245719
        ],
        [
            0.37940765535254567
        ]
    ]
}