{
    "joint_pose": [
        -0.22426819317928018,
        -0.1940198753333148,
        -0.0005598336523019421,
        -2.424802511114823,
        0.2799543632990049,
        2.1493171415858794,
        0.3109351367470995
    ],
    "O_T_EE": [
        0.996319589017126,
        0.08520561790273401,
        -0.008247874241613468,
        0.44423477866263184,
        0.08469907539224854,
        -0.9672314507068691,
        0.23931409682919771,
        -0.0652890986262104,
        0.012413302125203036,
        -0.23913190992108718,
        -0.9709071714789833,
        0.27579840637112635,
        0.0,
        0.0,
        0.0,
        1.0
    ],
    "camera_intrinsics": [
        [
            634.578369140625,
            0.0,
            641.9505615234375
        ],
        [
            0.0,
            634.056396484375,
            358.99456787109375
        ],
        [
            0.0,
            0.0,
            1.0
        ]
    ],
    "dist_coeffs": [
        -0.06063492223620415,
        0.07267043739557266,
        -0.000246976938797161,
        0.0005311704007908702,
        -0.02355414256453514
    ],
    "charuco_detected": true,
    "T_cam_target_rvec": [
        [
            -0.15755226135625758
        ],
        [
            0.24620751942890104
        ],
        [
            -1.4930066655394558
        ]
    ],
    "T_cam_target_tvec": [
        [
            -0.12842122172953316
        ],
        [
            0.06990794143779566
        ],
        [
            0.38080795431033027
        ]
    ]
}