{
    "joint_pose": [
        0.11123045389313073,
        0.26702081478322515,
        0.0005265160473051422,
        -1.6253343602143926,
        -0.29196982303592894,
        1.5169642299546136,
        0.2046240099304252
    ],
    "O_T_EE": [
        0.6668052267843316,
        0.67347308828437,
        -0.3190415263186351,
        0.5643496675830116,
        0.5905967665241747,
        -0.7386598537773843,
        -0.32489976768899903,
        0.0010957703146974068,
        -0.45447441710782116,
        0.028219969445316347,
        -0.8903104208307965,
        0.3535473838785921,
        0.0,
        0.0,
        0.0,
        1.0
    ],
    "camera_intrinsics": [
        [
            634.578369140625,
            0.0,
            641.9505615234375
        ],
        [
            0.0,
            634.056396484375,
            358.99456787109375
        ],
        [
            0.0,
            0.0,
            1.0
        ]
    ],
    "dist_coeffs": [
        -0.06063492223620415,
        0.07267043739557266,
        -0.000246976938797161,
        0.0005311704007908702,
        -0.02355414256453514
    ],
    "charuco_detected": true,
    "T_cam_target_rvec": [
        [
            0.4950053062963517
        ],
        [
            0.19719082934493443
        ],
        [
            -0.8408581183133536
        ]
    ],
    "T_cam_target_tvec": [
        [
            -0.22913248233073436
        ],
        [
            -0.09925109985197225
        ],
        [
            0.378537645114092
        ]
    ]
}