{
    "joint_pose": [
        0.11118820667028217,
        0.2669881993516826,
        0.0005590809371087535,
        -1.625264639671796,
        -0.2919494888626917,
        1.5169966215027701,
        0.20465971847706368
    ],
    "O_T_EE": [
        0.6668929167310876,
        0.6734394010060419,
        -0.3189293276484847,
        0.564373583096854,
        0.5905854394849963,
        -0.7386879059753519,
        -0.32485657596752715,
        0.0010970833955957775,
        -0.45436045512723133,
        0.028289532332323633,
        -0.8903663790914053,
        0.3535917639696333,
        0.0,
        0.0,
        0.0,
        1.0
    ],
    "camera_intrinsics": [
        [
            633.8876342773438,
            0.0,
            641.9505615234375
        ],
        [
            0.0,
            633.3662109375,
            358.99456787109375
        ],
        [
            0.0,
            0.0,
            1.0
        ]
    ],
    "dist_coeffs": [
        -0.06063492223620415,
        0.07267043739557266,
        -0.000246976938797161,
        0.0005311704007908702,
        -0.02355414256453514
    ],
    "charuco_detected": true,
    "T_cam_target_rvec": [
        [
            0.4923702724470257
        ],
        [
            0.20277940559053384
        ],
        [
            -0.8768286114007949
        ]
    ],
    "T_cam_target_tvec": [
        [
            -0.23239245443572254
        ],
        [
            -0.09352625451864116
        ],
        [
            0.37986113765476864
        ]
    ]
}