{
    "joint_pose": [
        0.11120251028058384,
        0.2667741886344988,
        0.0003927193829389453,
        -1.6254995935005054,
        -0.29187361230179204,
        1.5170417338431452,
        0.20460740774133604
    ],
    "O_T_EE": [
        0.6669592968286724,
        0.6733571932788049,
        -0.3189640925061048,
        0.5643148292287257,
        0.5905344698034478,
        -0.7387642485332687,
        -0.3247756191061075,
        0.0010256219304061352,
        -0.4543292674360432,
        0.028252827291675837,
        -0.8903834594858563,
        0.353616628829144,
        0.0,
        0.0,
        0.0,
        1.0
    ],
    "camera_intrinsics": [
        [
            633.8876342773438,
            0.0,
            641.9505615234375
        ],
        [
            0.0,
            633.3662109375,
            358.99456787109375
        ],
        [
            0.0,
            0.0,
            1.0
        ]
    ],
    "dist_coeffs": [
        -0.06063492223620415,
        0.07267043739557266,
        -0.000246976938797161,
        0.0005311704007908702,
        -0.02355414256453514
    ],
    "charuco_detected": true,
    "T_cam_target_rvec": [
        [
            0.49336932433766595
        ],
        [
            0.19422844638051406
        ],
        [
            -0.8416237469577541
        ]
    ],
    "T_cam_target_tvec": [
        [
            -0.22864604715159476
        ],
        [
            -0.09865805280843658
        ],
        [
            0.3774460183663623
        ]
    ]
}