{
    "joint_pose": [
        0.11118567208936932,
        0.26702570388191627,
        0.0004907237090871737,
        -1.625327483980279,
        -0.2919541060851615,
        1.5169712362819248,
        0.20463981370462309
    ],
    "O_T_EE": [
        0.6668681256852421,
        0.6734014853682077,
        -0.31906119995474014,
        0.5643525223657978,
        0.5905333691548466,
        -0.738724850862788,
        -0.3248672243869215,
        0.0010549288872542346,
        -0.4544645088022674,
        0.02822731164761249,
        -0.8903152459677297,
        0.35354704934198444,
        0.0,
        0.0,
        0.0,
        1.0
    ],
    "camera_intrinsics": [
        [
            634.578369140625,
            0.0,
            641.9505615234375
        ],
        [
            0.0,
            634.056396484375,
            358.99456787109375
        ],
        [
            0.0,
            0.0,
            1.0
        ]
    ],
    "dist_coeffs": [
        -0.06063492223620415,
        0.07267043739557266,
        -0.000246976938797161,
        0.0005311704007908702,
        -0.02355414256453514
    ],
    "charuco_detected": true,
    "T_cam_target_rvec": [
        [
            0.4951401426744681
        ],
        [
            0.1958486338922022
        ],
        [
            -0.8417163739967414
        ]
    ],
    "T_cam_target_tvec": [
        [
            -0.22866039905220245
        ],
        [
            -0.0989698533249648
        ],
        [
            0.37851745327311126
        ]
    ]
}