{
    "joint_pose": [
        0.11126642881017178,
        0.26698283300301134,
        0.000484440577782144,
        -1.6253297475604447,
        -0.2919493079660975,
        1.5170379569265575,
        0.2045930276327466
    ],
    "O_T_EE": [
        0.6668293843041738,
        0.6734972886118423,
        -0.31893993139622007,
        0.5643656550693124,
        0.5906382055057611,
        -0.7386362521609858,
        -0.3248780943291975,
        0.0011010740680791708,
        -0.4543851112510829,
        0.028260150871458167,
        -0.8903547292995098,
        0.35357013110284546,
        0.0,
        0.0,
        0.0,
        1.0
    ],
    "camera_intrinsics": [
        [
            633.8876342773438,
            0.0,
            641.9505615234375
        ],
        [
            0.0,
            633.3662109375,
            358.99456787109375
        ],
        [
            0.0,
            0.0,
            1.0
        ]
    ],
    "dist_coeffs": [
        -0.06063492223620415,
        0.07267043739557266,
        -0.000246976938797161,
        0.0005311704007908702,
        -0.02355414256453514
    ],
    "charuco_detected": true,
    "T_cam_target_rvec": [
        [
            0.49429594747288474
        ],
        [
            0.19515764867894975
        ],
        [
            -0.841114999133164
        ]
    ],
    "T_cam_target_tvec": [
        [
            -0.22857610449414548
        ],
        [
            -0.09878769183047038
        ],
        [
            0.3775497782608845
        ]
    ]
}