{
    "joint_pose": [
        -0.5302047295834297,
        -0.42735774265245524,
        -0.008099541476072622,
        -2.448331184387207,
        0.5671505469455469,
        1.7416489786042104,
        -0.4738280291476367
    ],
    "O_T_EE": [
        0.8372966624019886,
        0.5387055596482331,
        0.09333559749529102,
        0.36676090376290793,
        0.4014593002437953,
        -0.7216791379420737,
        0.5639118028793141,
        -0.0984363214678417,
        0.37114077690205494,
        -0.4346910267816416,
        -0.820543688546563,
        0.3629194698907614,
        0.0,
        0.0,
        0.0,
        1.0
    ],
    "camera_intrinsics": [
        [
            633.8876342773438,
            0.0,
            641.9505615234375
        ],
        [
            0.0,
            633.3662109375,
            358.99456787109375
        ],
        [
            0.0,
            0.0,
            1.0
        ]
    ],
    "dist_coeffs": [
        -0.06063492223620415,
        0.07267043739557266,
        -0.000246976938797161,
        0.0005311704007908702,
        -0.02355414256453514
    ],
    "charuco_detected": true,
    "T_cam_target_rvec": [
        [
            -0.5718415253310141
        ],
        [
            0.27676979571494564
        ],
        [
            -1.0043704862978526
        ]
    ],
    "T_cam_target_tvec": [
        [
            0.01487184158024001
        ],
        [
            0.05632214355170964
        ],
        [
            0.4918277455494766
        ]
    ]
}