{
    "joint_pose": [
        -0.5304086397216737,
        -0.42754880342567175,
        -0.00830880602229343,
        -2.4485257993701377,
        0.5671930905183157,
        1.7417727464569936,
        -0.47388909200187296
    ],
    "O_T_EE": [
        0.8374029428345707,
        0.5384747206668737,
        0.093713406301093,
        0.36669130616857254,
        0.4010956927409111,
        -0.7218949063837993,
        0.5638943680716181,
        -0.09856681149127267,
        0.37129409300162247,
        -0.43461875965156643,
        -0.8205126075427217,
        0.3629212625855801,
        0.0,
        0.0,
        0.0,
        1.0
    ],
    "camera_intrinsics": [
        [
            633.8876342773438,
            0.0,
            641.9505615234375
        ],
        [
            0.0,
            633.3662109375,
            358.99456787109375
        ],
        [
            0.0,
            0.0,
            1.0
        ]
    ],
    "dist_coeffs": [
        -0.06063492223620415,
        0.07267043739557266,
        -0.000246976938797161,
        0.0005311704007908702,
        -0.02355414256453514
    ],
    "charuco_detected": true,
    "T_cam_target_rvec": [
        [
            -0.5775471037646659
        ],
        [
            0.26874589088940315
        ],
        [
            -1.0394075570314498
        ]
    ],
    "T_cam_target_tvec": [
        [
            0.011884148336191088
        ],
        [
            0.062309132589647834
        ],
        [
            0.4906928921250453
        ]
    ]
}