{
    "joint_pose": [
        -0.5303394307580076,
        -0.4275169805008693,
        -0.008331458659784931,
        -2.4485126684423077,
        0.56721451632587,
        1.741754977915022,
        -0.4739335313890011
    ],
    "O_T_EE": [
        0.8373643692284853,
        0.5385411533506486,
        0.0936763318367917,
        0.36669993561563974,
        0.4011510456468474,
        -0.72183161794091,
        0.5639360103438638,
        -0.09854622166794787,
        0.3713212875990687,
        -0.43464156311812796,
        -0.8204882211775187,
        0.36291793024218727,
        0.0,
        0.0,
        0.0,
        1.0
    ],
    "camera_intrinsics": [
        [
            634.578369140625,
            0.0,
            641.9505615234375
        ],
        [
            0.0,
            634.056396484375,
            358.99456787109375
        ],
        [
            0.0,
            0.0,
            1.0
        ]
    ],
    "dist_coeffs": [
        -0.06063492223620415,
        0.07267043739557266,
        -0.000246976938797161,
        0.0005311704007908702,
        -0.02355414256453514
    ],
    "charuco_detected": true,
    "T_cam_target_rvec": [
        [
            -0.5697060644963537
        ],
        [
            0.27597223758383094
        ],
        [
            -1.0047509772408965
        ]
    ],
    "T_cam_target_tvec": [
        [
            0.014743275474186086
        ],
        [
            0.05591917493647238
        ],
        [
            0.4929370969055943
        ]
    ]
}