{
    "joint_pose": [
        -0.5302966395932851,
        -0.42750029883886637,
        -0.00826519888237851,
        -2.4484639956198566,
        0.5671540935217962,
        1.741717694263169,
        -0.47382514204866344
    ],
    "O_T_EE": [
        0.8373772742298781,
        0.5385407766824982,
        0.09356306908876176,
        0.36671004380532757,
        0.4012197370029446,
        -0.7218233015595049,
        0.5638977859331539,
        -0.09851604381798314,
        0.3712179550396719,
        -0.4346558409559863,
        -0.8205274152168095,
        0.3629235737460442,
        0.0,
        0.0,
        0.0,
        1.0
    ],
    "camera_intrinsics": [
        [
            633.8876342773438,
            0.0,
            641.9505615234375
        ],
        [
            0.0,
            633.3662109375,
            358.99456787109375
        ],
        [
            0.0,
            0.0,
            1.0
        ]
    ],
    "dist_coeffs": [
        -0.06063492223620415,
        0.07267043739557266,
        -0.000246976938797161,
        0.0005311704007908702,
        -0.02355414256453514
    ],
    "charuco_detected": true,
    "T_cam_target_rvec": [
        [
            -0.5738173016836544
        ],
        [
            0.28008791999909716
        ],
        [
            -1.0045002821225835
        ]
    ],
    "T_cam_target_tvec": [
        [
            0.014860422225353455
        ],
        [
            0.056224602665022876
        ],
        [
            0.49224167611127045
        ]
    ]
}