{
    "joint_pose": [
        -0.5303401331968293,
        -0.42751844629503,
        -0.008308838596730901,
        -2.448531723559541,
        0.567212225674168,
        1.7417756964895459,
        -0.4739250752082092
    ],
    "O_T_EE": [
        0.8373676859908357,
        0.5385382606308609,
        0.09366331245553598,
        0.3667001353853049,
        0.401159211799158,
        -0.7218352183385783,
        0.5639255925863452,
        -0.09853954352456921,
        0.37130498535333417,
        -0.4346391679358776,
        -0.820496867712483,
        0.36290946998270335,
        0.0,
        0.0,
        0.0,
        1.0
    ],
    "camera_intrinsics": [
        [
            634.578369140625,
            0.0,
            641.9505615234375
        ],
        [
            0.0,
            634.056396484375,
            358.99456787109375
        ],
        [
            0.0,
            0.0,
            1.0
        ]
    ],
    "dist_coeffs": [
        -0.06063492223620415,
        0.07267043739557266,
        -0.000246976938797161,
        0.0005311704007908702,
        -0.02355414256453514
    ],
    "charuco_detected": true,
    "T_cam_target_rvec": [
        [
            -0.5683298639813532
        ],
        [
            0.2760371364644861
        ],
        [
            -1.0048584507876874
        ]
    ],
    "T_cam_target_tvec": [
        [
            0.01435482819155397
        ],
        [
            0.05580942058475328
        ],
        [
            0.49310626355186254
        ]
    ]
}