{
    "joint_pose": [
        0.0004501507551553895,
        -0.20171968044946884,
        0.00034869193448682466,
        -2.4344317683838956,
        -0.000633003880476786,
        2.2264610594097816,
        0.7001094034678406
    ],
    "O_T_EE": [
        0.9962347797034545,
        0.0863593843620534,
        -0.006250447600552806,
        0.457810512901587,
        0.08635746670294314,
        -0.9962543864073203,
        -0.0005765556628623937,
        0.00028698080905253275,
        -0.0062768268311550615,
        3.46119832352693e-05,
        -0.9999802995501262,
        0.2772356409301199,
        0.0,
        0.0,
        0.0,
        1.0
    ],
    "camera_intrinsics": [
        [
            634.578369140625,
            0.0,
            641.9505615234375
        ],
        [
            0.0,
            634.056396484375,
            358.99456787109375
        ],
        [
            0.0,
            0.0,
            1.0
        ]
    ],
    "dist_coeffs": [
        -0.06063492223620415,
        0.07267043739557266,
        -0.000246976938797161,
        0.0005311704007908702,
        -0.02355414256453514
    ],
    "charuco_detected": true,
    "T_cam_target_rvec": [
        [
            0.04126011519498195
        ],
        [
            0.05497384981692395
        ],
        [
            -1.50735813852839
        ]
    ],
    "T_cam_target_tvec": [
        [
            -0.14253549601894655
        ],
        [
            0.08289364206134826
        ],
        [
            0.3418233921884352
        ]
    ]
}