{
    "joint_pose": [
        0.0006430761311240005,
        -0.20170004983727813,
        0.00022368442322203867,
        -2.4343544747536643,
        -0.00043525448977896385,
        2.2264351823065,
        0.7004548412602809
    ],
    "O_T_EE": [
        0.9962691434401153,
        0.0859643397993946,
        -0.0062188228589657585,
        0.45783342747405525,
        0.0859635469279467,
        -0.9962885422082614,
        -0.0003951813753700581,
        0.0003430199629611061,
        -0.006229713466445024,
        -0.00014088506032986861,
        -0.9999805848484907,
        0.277258433993701,
        0.0,
        0.0,
        0.0,
        1.0
    ],
    "camera_intrinsics": [
        [
            633.8876342773438,
            0.0,
            641.9505615234375
        ],
        [
            0.0,
            633.3662109375,
            358.99456787109375
        ],
        [
            0.0,
            0.0,
            1.0
        ]
    ],
    "dist_coeffs": [
        -0.06063492223620415,
        0.07267043739557266,
        -0.000246976938797161,
        0.0005311704007908702,
        -0.02355414256453514
    ],
    "charuco_detected": true,
    "T_cam_target_rvec": [
        [
            0.039553023373722185
        ],
        [
            0.054771957301948254
        ],
        [
            -1.5080202361679171
        ]
    ],
    "T_cam_target_tvec": [
        [
            -0.14198072617480817
        ],
        [
            0.08297158248716478
        ],
        [
            0.34105503892065886
        ]
    ]
}