{
    "joint_pose": [
        0.0006558593524489222,
        -0.20170986824255627,
        0.00022113642368293523,
        -2.4344014473886384,
        0.0001579459177361899,
        2.226470223479801,
        0.7005325106711094
    ],
    "O_T_EE": [
        0.9963061682697408,
        0.08553397637365104,
        -0.006221382466105408,
        0.4578233612697189,
        0.08553609926774958,
        -0.996325407148047,
        7.546293191843835e-05,
        0.0004148530066650415,
        -0.00619206677393043,
        -0.0006073369727494924,
        -0.999980644165454,
        0.27724527410196825,
        0.0,
        0.0,
        0.0,
        1.0
    ],
    "camera_intrinsics": [
        [
            634.578369140625,
            0.0,
            641.9505615234375
        ],
        [
            0.0,
            634.056396484375,
            358.99456787109375
        ],
        [
            0.0,
            0.0,
            1.0
        ]
    ],
    "dist_coeffs": [
        -0.06063492223620415,
        0.07267043739557266,
        -0.000246976938797161,
        0.0005311704007908702,
        -0.02355414256453514
    ],
    "charuco_detected": true,
    "T_cam_target_rvec": [
        [
            0.04015137885302848
        ],
        [
            0.05435546233749228
        ],
        [
            -1.5087375146954782
        ]
    ],
    "T_cam_target_tvec": [
        [
            -0.14169065522743143
        ],
        [
            0.08292653757225202
        ],
        [
            0.3418749711144973
        ]
    ]
}