{
    "joint_pose": [
        0.0006161131116047082,
        -0.20145081831402145,
        0.00043611545446245394,
        -2.4342478011241866,
        -0.0007150943290310211,
        2.226433086298329,
        0.7006454728088445
    ],
    "O_T_EE": [
        0.9962542462695376,
        0.08612627889768643,
        -0.0063630616759671,
        0.4578597987095418,
        0.08612381504481095,
        -0.9962745599639415,
        -0.0006607271715897434,
        0.00039197000743646144,
        -0.006396262443903162,
        0.00011024110342222737,
        -0.999979537233494,
        0.2771911223113714,
        0.0,
        0.0,
        0.0,
        1.0
    ],
    "camera_intrinsics": [
        [
            633.8876342773438,
            0.0,
            641.9505615234375
        ],
        [
            0.0,
            633.3662109375,
            358.99456787109375
        ],
        [
            0.0,
            0.0,
            1.0
        ]
    ],
    "dist_coeffs": [
        -0.06063492223620415,
        0.07267043739557266,
        -0.000246976938797161,
        0.0005311704007908702,
        -0.02355414256453514
    ],
    "charuco_detected": true,
    "T_cam_target_rvec": [
        [
            0.03882941061392608
        ],
        [
            0.05487575806238671
        ],
        [
            -1.5081072095300496
        ]
    ],
    "T_cam_target_tvec": [
        [
            -0.1420306043395422
        ],
        [
            0.08308731833897746
        ],
        [
            0.34079089793117007
        ]
    ]
}