{
    "joint_pose": [
        0.0005358726922876271,
        -0.20217680993419926,
        0.000496230400275803,
        -2.4355813690654013,
        0.00016680741760690039,
        2.2263325446976556,
        0.7000511938366625
    ],
    "O_T_EE": [
        0.9962468589945229,
        0.08615643091402443,
        -0.007072002532651065,
        0.45736957994560246,
        0.08615876414702851,
        -0.9962717569110444,
        2.536253055360387e-05,
        0.00048071610611777056,
        -0.007043451242972229,
        -0.0006345823396580556,
        -0.9999749927557791,
        0.27692766474271324,
        0.0,
        0.0,
        0.0,
        1.0
    ],
    "camera_intrinsics": [
        [
            633.8876342773438,
            0.0,
            641.9505615234375
        ],
        [
            0.0,
            633.3662109375,
            358.99456787109375
        ],
        [
            0.0,
            0.0,
            1.0
        ]
    ],
    "dist_coeffs": [
        -0.06063492223620415,
        0.07267043739557266,
        -0.000246976938797161,
        0.0005311704007908702,
        -0.02355414256453514
    ],
    "charuco_detected": true,
    "T_cam_target_rvec": [
        [
            0.03576303691175002
        ],
        [
            0.054264895428696246
        ],
        [
            -1.5439799484543026
        ]
    ],
    "T_cam_target_tvec": [
        [
            -0.14095958771059727
        ],
        [
            0.08919069524085062
        ],
        [
            0.34059940060527477
        ]
    ]
}