{
    "T_cam_gripper": [
        [
            -0.5975002393085741,
            0.6322761237563554,
            0.4931737699369609,
            -0.2124658885823334
        ],
        [
            0.08303921498615358,
            -0.562934888426533,
            0.8223191595522324,
            -0.33680732649727035
        ],
        [
            0.7975574918466253,
            0.5322886573278117,
            0.28385001757878336,
            -0.18493467985526799
        ],
        [
            0.0,
            0.0,
            0.0,
            1.0
        ]
    ],
    "xyz": [
        -0.2124658885823334,
        -0.33680732649727035,
        -0.18493467985526799
    ],
    "quaternion_xyzw": [
        0.4127906950075231,
        0.4332191516147623,
        0.7817104875390074,
        -0.17565227712989934
    ],
    "consistency_error_mean": 0.08362278474184881,
    "consistency_error_std": 0.03663504896894994
}