{
    "T_cam_gripper": [
        [
            -0.028639180799074015,
            -0.9987970246936483,
            -0.039803276074632674,
            0.05018654899889049
        ],
        [
            0.9995896538052388,
            -0.028639043379940055,
            -0.0005737593612329429,
            0.007576737917656806
        ],
        [
            -0.0005668586072755492,
            -0.03980337494983793,
            0.9992073708764974,
            -0.03789833118688969
        ],
        [
            0.0,
            0.0,
            0.0,
            1.0
        ]
    ],
    "xyz": [
        0.05018654899889049,
        0.007576737917656806,
        -0.03789833118688969
    ],
    "quaternion_xyzw": [
        -0.014075614590212311,
        -0.014078055109253036,
        0.717022592924294,
        0.696765589473512
    ],
    "consistency_error_mean": 0.002866463252094248,
    "consistency_error_std": 0.0020750160993412365
}