{
    "T_cam_gripper": [
        [
            -0.03007380800944237,
            -0.9987686233328144,
            -0.039456344454171934,
            0.049559712440860895
        ],
        [
            0.999547342433224,
            -0.030017880588153578,
            -0.0020092485348773455,
            0.008077460150381462
        ],
        [
            0.000822378556842536,
            -0.039498909995978576,
            0.9992192751356626,
            -0.03803736437771019
        ],
        [
            0.0,
            0.0,
            0.0,
            1.0
        ]
    ],
    "xyz": [
        0.049559712440860895,
        0.008077460150381462,
        -0.03803736437771019
    ],
    "quaternion_xyzw": [
        -0.013461031192378015,
        -0.014462471137622623,
        0.7175149761038543,
        0.6962628071601388
    ],
    "consistency_error_mean": 0.0028883295849218334,
    "consistency_error_std": 0.0020762516010754345
}