{
    "T_cam_gripper": [
        [
            -0.029981664742513514,
            -0.9987768890255286,
            -0.03931699031912543,
            0.049199935729511264
        ],
        [
            0.9995492113448774,
            -0.029896528969397762,
            -0.0027516641175005345,
            0.008320910090429831
        ],
        [
            0.0015728569868550916,
            -0.03938176613699092,
            0.9992229994434827,
            -0.03883108165705089
        ],
        [
            0.0,
            0.0,
            0.0,
            1.0
        ]
    ],
    "xyz": [
        0.049199935729511264,
        0.008320910090429831,
        -0.03883108165705089
    ],
    "quaternion_xyzw": [
        -0.013151661334233474,
        -0.014681079061440649,
        0.7174784305390989,
        0.696301803410628
    ],
    "consistency_error_mean": 0.002874091965475254,
    "consistency_error_std": 0.0020742309394937847
}