{
    "T_cam_gripper": [
        [
            -0.0291794325666882,
            -0.998837661485076,
            -0.038365175799293896,
            0.04876788192296472
        ],
        [
            0.9995732243666684,
            -0.0291045619038498,
            -0.002508705962638875,
            0.008121752510103407
        ],
        [
            0.0013891883630732516,
            -0.03842200509356075,
            0.9992606365109566,
            -0.03871905081084377
        ],
        [
            0.0,
            0.0,
            0.0,
            1.0
        ]
    ],
    "xyz": [
        0.04876788192296472,
        0.008121752510103407,
        -0.03871905081084377
    ],
    "quaternion_xyzw": [
        -0.012888879181341455,
        -0.0142673942249607,
        0.7172071930379489,
        0.6965946888328282
    ],
    "consistency_error_mean": 0.0028495430162161807,
    "consistency_error_std": 0.0020563724879419654
}