{
    "T_cam_gripper": [
        [
            -0.02937133050375096,
            -0.9988189707287582,
            -0.03870385842243096,
            0.049387989675172696
        ],
        [
            0.9995683643374256,
            -0.029324495512720983,
            -0.0017773516051400352,
            0.007908269893567639
        ],
        [
            0.0006402813782355153,
            -0.03873935563827255,
            0.9992491442900956,
            -0.03829985647813793
        ],
        [
            0.0,
            0.0,
            0.0,
            1.0
        ]
    ],
    "xyz": [
        0.049387989675172696,
        0.007908269893567639,
        -0.03829985647813793
    ],
    "quaternion_xyzw": [
        -0.013266694377976238,
        -0.014121709359479685,
        0.7172769636455935,
        0.6965187216208951
    ],
    "consistency_error_mean": 0.0028826335210726983,
    "consistency_error_std": 0.0020793981264242063
}