{
    "mode": "eye_to_hand",
    "T_cam_base": [
        [
            -0.36013154910756906,
            0.37163818728174813,
            -0.8556812052927887,
            1.5875564267848816
        ],
        [
            0.9318725369671302,
            0.10023814343854476,
            -0.3486630026923398,
            0.4914117519587084
        ],
        [
            -0.04380459089898675,
            -0.9229503628873712,
            -0.3824183382922981,
            0.550987643496564
        ],
        [
            0.0,
            0.0,
            0.0,
            1.0
        ]
    ],
    "xyz": [
        1.5875564267848816,
        0.4914117519587084,
        0.550987643496564
    ],
    "quaternion_xyzw": [
        0.4801168206140522,
        0.6787466447133296,
        -0.4683681958077229,
        -0.29903522202187083
    ],
    "consistency_error_mean": 0.0036499551002414396,
    "consistency_error_std": 0.0018707452651233877
}