{
    "T_cam_gripper": [
        [
            -0.029263847807874055,
            -0.9988178145833784,
            -0.03881495178874017,
            0.04890594778602601
        ],
        [
            0.999570242467188,
            -0.029174923105732442,
            -0.0028555622672681406,
            0.00832623999683361
        ],
        [
            0.0017197632294103267,
            -0.03888183551041846,
            0.9992423356132263,
            -0.03862810690210577
        ],
        [
            0.0,
            0.0,
            0.0,
            1.0
        ]
    ],
    "xyz": [
        0.04890594778602601,
        0.00832623999683361,
        -0.03862810690210577
    ],
    "quaternion_xyzw": [
        -0.012930000818175967,
        -0.014548102014655808,
        0.7172309785778275,
        0.6965636303848379
    ],
    "consistency_error_mean": 0.002814473657204803,
    "consistency_error_std": 0.0020325450242911726
}