{
    "joint_pose": [
        0.0007885046097302855,
        -0.07406217263531824,
        -0.00016308945459416534,
        -2.0799878117757933,
        -0.0016886559071272243,
        2.0004413079227765,
        0.11222000797920757
    ],
    "O_T_EE": [
        0.7809901449850734,
        0.6245038669028071,
        -0.005482803991876761,
        0.5287297143188616,
        0.6245059891973369,
        -0.7810062010425914,
        -0.001526543726628728,
        6.952869216519022e-05,
        -0.005235436377032688,
        -0.0022318283241362807,
        -0.9999838041311655,
        0.3563046786601064,
        0.0,
        0.0,
        0.0,
        1.0
    ],
    "camera_intrinsics": [
        [
            633.8876342773438,
            0.0,
            641.9505615234375
        ],
        [
            0.0,
            633.3662109375,
            358.99456787109375
        ],
        [
            0.0,
            0.0,
            1.0
        ]
    ],
    "dist_coeffs": [
        -0.06063492223620415,
        0.07267043739557266,
        -0.000246976938797161,
        0.0005311704007908702,
        -0.02355414256453514
    ],
    "charuco_detected": true,
    "T_cam_target_rvec": [
        [
            0.03761244313395501
        ],
        [
            0.03135980947970564
        ],
        [
            -0.9178446019514914
        ]
    ],
    "T_cam_target_tvec": [
        [
            -0.18696105490374165
        ],
        [
            0.053413880911457316
        ],
        [
            0.41853055235720665
        ]
    ]
}