{
    "joint_pose": [
        0.0006764613946619085,
        -0.0744177415653279,
        2.5873168693500193e-05,
        -2.0803412031253816,
        -0.0016531833729403927,
        2.000578426904294,
        0.11213959889693226
    ],
    "O_T_EE": [
        0.7809021381260574,
        0.6246151182153562,
        -0.005343427541898876,
        0.5286450369138108,
        0.6246170300154639,
        -0.7809174329903485,
        -0.0015085129917854702,
        0.00011571349475185221,
        -0.005115015740083092,
        -0.002159594820647507,
        -0.9999845859665328,
        0.3563385274041813,
        0.0,
        0.0,
        0.0,
        1.0
    ],
    "camera_intrinsics": [
        [
            633.8876342773438,
            0.0,
            641.9505615234375
        ],
        [
            0.0,
            633.3662109375,
            358.99456787109375
        ],
        [
            0.0,
            0.0,
            1.0
        ]
    ],
    "dist_coeffs": [
        -0.06063492223620415,
        0.07267043739557266,
        -0.000246976938797161,
        0.0005311704007908702,
        -0.02355414256453514
    ],
    "charuco_detected": true,
    "T_cam_target_rvec": [
        [
            0.03686878332491473
        ],
        [
            0.032627862456285316
        ],
        [
            -0.9541952674819456
        ]
    ],
    "T_cam_target_tvec": [
        [
            -0.19030770216891468
        ],
        [
            0.0593950649356198
        ],
        [
            0.4189292048493075
        ]
    ]
}