{
    "joint_pose": [
        0.0006298695321200028,
        -0.07437475113492263,
        1.246635717860299e-06,
        -2.080304374079402,
        -0.0016031336882742307,
        2.0006134520106844,
        0.11211836229099167
    ],
    "O_T_EE": [
        0.7809466052950893,
        0.6245597655469626,
        -0.005314732640298435,
        0.5286643946495966,
        0.6245618570334178,
        -0.780961650694044,
        -0.0014607622987768674,
        8.581675857579263e-05,
        -0.00506293573460884,
        -0.002178601929088015,
        -0.9999848097798629,
        0.3563361361878535,
        0.0,
        0.0,
        0.0,
        1.0
    ],
    "camera_intrinsics": [
        [
            634.578369140625,
            0.0,
            641.9505615234375
        ],
        [
            0.0,
            634.056396484375,
            358.99456787109375
        ],
        [
            0.0,
            0.0,
            1.0
        ]
    ],
    "dist_coeffs": [
        -0.06063492223620415,
        0.07267043739557266,
        -0.000246976938797161,
        0.0005311704007908702,
        -0.02355414256453514
    ],
    "charuco_detected": true,
    "T_cam_target_rvec": [
        [
            0.04045115247919397
        ],
        [
            0.038148634183541565
        ],
        [
            -0.9176089413327914
        ]
    ],
    "T_cam_target_tvec": [
        [
            -0.18740012033722983
        ],
        [
            0.05299890206651498
        ],
        [
            0.42050049753777674
        ]
    ]
}