{
    "joint_pose": [
        0.0006222322849575031,
        -0.07438536056835672,
        -4.772277792079033e-05,
        -2.0803330638297353,
        -0.0015676348097622395,
        2.0006102299089394,
        0.11171768327967989
    ],
    "O_T_EE": [
        0.7807408258183585,
        0.6248168017520707,
        -0.005336159500423985,
        0.5286549175221795,
        0.6248191284777769,
        -0.7807558992644346,
        -0.0014245674207067488,
        6.135908130043735e-05,
        -0.005056331669058128,
        -0.0022219165839967724,
        -0.9999847478884115,
        0.35632797576378156,
        0.0,
        0.0,
        0.0,
        1.0
    ],
    "camera_intrinsics": [
        [
            634.578369140625,
            0.0,
            641.9505615234375
        ],
        [
            0.0,
            634.056396484375,
            358.99456787109375
        ],
        [
            0.0,
            0.0,
            1.0
        ]
    ],
    "dist_coeffs": [
        -0.06063492223620415,
        0.07267043739557266,
        -0.000246976938797161,
        0.0005311704007908702,
        -0.02355414256453514
    ],
    "charuco_detected": true,
    "T_cam_target_rvec": [
        [
            0.04071214182240224
        ],
        [
            0.03738979436542627
        ],
        [
            -0.9175698908725466
        ]
    ],
    "T_cam_target_tvec": [
        [
            -0.18694936243083649
        ],
        [
            0.05305662873944351
        ],
        [
            0.4204690091753159
        ]
    ]
}