{
    "joint_pose": [
        0.0006742220933032498,
        -0.07439528344870716,
        -0.00010176989255462248,
        -2.0802426552358564,
        -0.00163749307859689,
        2.000579021188948,
        0.11220818699685627
    ],
    "O_T_EE": [
        0.7810303887904659,
        0.6244553933730905,
        -0.00526696386732197,
        0.5286750520553055,
        0.6244572624314825,
        -0.7810452432532962,
        -0.0014840254675222977,
        4.9459841933471144e-05,
        -0.005040444782056081,
        -0.00212992485003948,
        -0.9999850282679398,
        0.3563730056993957,
        0.0,
        0.0,
        0.0,
        1.0
    ],
    "camera_intrinsics": [
        [
            633.8876342773438,
            0.0,
            641.9505615234375
        ],
        [
            0.0,
            633.3662109375,
            358.99456787109375
        ],
        [
            0.0,
            0.0,
            1.0
        ]
    ],
    "dist_coeffs": [
        -0.06063492223620415,
        0.07267043739557266,
        -0.000246976938797161,
        0.0005311704007908702,
        -0.02355414256453514
    ],
    "charuco_detected": true,
    "T_cam_target_rvec": [
        [
            0.038581881402628346
        ],
        [
            0.03317569372475238
        ],
        [
            -0.917661853141769
        ]
    ],
    "T_cam_target_tvec": [
        [
            -0.18696146215057832
        ],
        [
            0.0532173401411532
        ],
        [
            0.41897903758212285
        ]
    ]
}