{
    "joint_pose": [
        0.06458773834119551,
        -0.6634800489534974,
        -0.0005493536255355073,
        -2.88310974342768,
        -0.3010293852788669,
        2.401893788322574,
        1.0996313013292593
    ],
    "O_T_EE": [
        0.9751369177131799,
        -0.06453588567978492,
        0.2119545305335631,
        0.35370283862269847,
        -0.024501145798353666,
        -0.982171651569097,
        -0.1863329173188475,
        -8.291111345249811e-05,
        0.22020089116217217,
        0.17650697780758134,
        -0.9593515106100288,
        0.2782512076544248,
        0.0,
        0.0,
        0.0,
        1.0
    ],
    "camera_intrinsics": [
        [
            633.8876342773438,
            0.0,
            641.9505615234375
        ],
        [
            0.0,
            633.3662109375,
            358.99456787109375
        ],
        [
            0.0,
            0.0,
            1.0
        ]
    ],
    "dist_coeffs": [
        -0.06063492223620415,
        0.07267043739557266,
        -0.000246976938797161,
        0.0005311704007908702,
        -0.02355414256453514
    ],
    "charuco_detected": true,
    "T_cam_target_rvec": [
        [
            0.010412848914870416
        ],
        [
            -0.26169050375704134
        ],
        [
            -1.670359148510966
        ]
    ],
    "T_cam_target_tvec": [
        [
            -0.1908637483761964
        ],
        [
            0.07122753778536352
        ],
        [
            0.3117246786805592
        ]
    ]
}