{
    "joint_pose": [
        0.06464380395412443,
        -0.6634520928650794,
        -0.0005753697506286677,
        -2.8831748513450397,
        -0.3010058383501532,
        2.401899393301494,
        1.0996623453199863
    ],
    "O_T_EE": [
        0.975155248641368,
        -0.06452802311242369,
        0.21187257126146944,
        0.3536787990204082,
        -0.024516137736198203,
        -0.9821776627323691,
        -0.18629925643045145,
        -6.889768785094442e-05,
        0.2201180295634588,
        0.17647640058657021,
        -0.9593761517780783,
        0.2782097835352078,
        0.0,
        0.0,
        0.0,
        1.0
    ],
    "camera_intrinsics": [
        [
            634.578369140625,
            0.0,
            641.9505615234375
        ],
        [
            0.0,
            634.056396484375,
            358.99456787109375
        ],
        [
            0.0,
            0.0,
            1.0
        ]
    ],
    "dist_coeffs": [
        -0.06063492223620415,
        0.07267043739557266,
        -0.000246976938797161,
        0.0005311704007908702,
        -0.02355414256453514
    ],
    "charuco_detected": true,
    "T_cam_target_rvec": [
        [
            0.007169572253748672
        ],
        [
            -0.26164486482358346
        ],
        [
            -1.6347863467953698
        ]
    ],
    "T_cam_target_tvec": [
        [
            -0.19252449015686268
        ],
        [
            0.0642629772299656
        ],
        [
            0.31358778265155907
        ]
    ]
}