{
    "joint_pose": [
        0.06448650297603688,
        -0.6633980745488947,
        -0.0003595548780969948,
        -2.8830649208604244,
        -0.3008004094126262,
        2.4018695204238556,
        1.0995382124198736
    ],
    "O_T_EE": [
        0.97515469542703,
        -0.06452788266070988,
        0.21187516027042097,
        0.353706027727431,
        -0.02451572366886703,
        -0.9821778442507004,
        -0.18629835392730432,
        -5.6753110240516785e-05,
        0.22012052648677824,
        0.17647544170105092,
        -0.95937575526191,
        0.2782395893818299,
        0.0,
        0.0,
        0.0,
        1.0
    ],
    "camera_intrinsics": [
        [
            633.8876342773438,
            0.0,
            641.9505615234375
        ],
        [
            0.0,
            633.3662109375,
            358.99456787109375
        ],
        [
            0.0,
            0.0,
            1.0
        ]
    ],
    "dist_coeffs": [
        -0.06063492223620415,
        0.07267043739557266,
        -0.000246976938797161,
        0.0005311704007908702,
        -0.02355414256453514
    ],
    "charuco_detected": true,
    "T_cam_target_rvec": [
        [
            0.005690197763030118
        ],
        [
            -0.2578702698855817
        ],
        [
            -1.634333088634526
        ]
    ],
    "T_cam_target_tvec": [
        [
            -0.19265512129632137
        ],
        [
            0.0646062351033628
        ],
        [
            0.3129936273755121
        ]
    ]
}