{
    "joint_pose": [
        0.06458447078789702,
        -0.6634384520011806,
        -0.0005704772334884377,
        -2.8830870907766775,
        -0.30102697795629496,
        2.4019054030782434,
        1.0995883544614014
    ],
    "O_T_EE": [
        0.9751411987843374,
        -0.06451073063743033,
        0.21194249174990015,
        0.35371058676027173,
        -0.024480756186757473,
        -0.9821744048214136,
        -0.18632108408142878,
        -8.782919488391272e-05,
        0.22018419995807648,
        0.1765008528238187,
        -0.9593564685858769,
        0.2782484744878853,
        0.0,
        0.0,
        0.0,
        1.0
    ],
    "camera_intrinsics": [
        [
            633.8876342773438,
            0.0,
            641.9505615234375
        ],
        [
            0.0,
            633.3662109375,
            358.99456787109375
        ],
        [
            0.0,
            0.0,
            1.0
        ]
    ],
    "dist_coeffs": [
        -0.06063492223620415,
        0.07267043739557266,
        -0.000246976938797161,
        0.0005311704007908702,
        -0.02355414256453514
    ],
    "charuco_detected": true,
    "T_cam_target_rvec": [
        [
            0.005542525908887685
        ],
        [
            -0.25852561616649555
        ],
        [
            -1.6342383177911828
        ]
    ],
    "T_cam_target_tvec": [
        [
            -0.1926760111076717
        ],
        [
            0.06447531691952683
        ],
        [
            0.3130579639516619
        ]
    ]
}