{
    "joint_pose": [
        0.06460592537585318,
        -0.6634544785582198,
        -0.0005792523747352626,
        -2.8831627261418866,
        -0.30105659764045767,
        2.4019160789320946,
        1.0996692784099746
    ],
    "O_T_EE": [
        0.9751474601170906,
        -0.06454676291956074,
        0.21190270843534434,
        0.35368715888020713,
        -0.024521848527978358,
        -0.9821712538794678,
        -0.1863322901728469,
        -8.537796460092251e-05,
        0.22015189500244303,
        0.17650521338093253,
        -0.9593630802760277,
        0.2782192937668717,
        0.0,
        0.0,
        0.0,
        1.0
    ],
    "camera_intrinsics": [
        [
            634.578369140625,
            0.0,
            641.9505615234375
        ],
        [
            0.0,
            634.056396484375,
            358.99456787109375
        ],
        [
            0.0,
            0.0,
            1.0
        ]
    ],
    "dist_coeffs": [
        -0.06063492223620415,
        0.07267043739557266,
        -0.000246976938797161,
        0.0005311704007908702,
        -0.02355414256453514
    ],
    "charuco_detected": true,
    "T_cam_target_rvec": [
        [
            0.00976013939771055
        ],
        [
            -0.2621461949307435
        ],
        [
            -1.6344200859838136
        ]
    ],
    "T_cam_target_tvec": [
        [
            -0.19287124941570877
        ],
        [
            0.06451838418798418
        ],
        [
            0.3133877953620243
        ]
    ]
}