{
    "joint_pose": [
        0.047395865889198675,
        0.3890578286480485,
        -0.00027507923091542574,
        -1.626899453285348,
        -0.1272393141596657,
        1.5846478678849005,
        0.8353667521379019
    ],
    "O_T_EE": [
        0.911200657959551,
        0.055879903610205735,
        -0.4081357020501225,
        0.57162495321371,
        -0.004897204930811018,
        -0.9892077267535705,
        -0.14637366606929234,
        0.00039002019839481613,
        -0.41191033638299873,
        0.13537450500281062,
        -0.9011104253050727,
        0.27680686668005244,
        0.0,
        0.0,
        0.0,
        1.0
    ],
    "camera_intrinsics": [
        [
            633.8876342773438,
            0.0,
            641.9505615234375
        ],
        [
            0.0,
            633.3662109375,
            358.99456787109375
        ],
        [
            0.0,
            0.0,
            1.0
        ]
    ],
    "dist_coeffs": [
        -0.06063492223620415,
        0.07267043739557266,
        -0.000246976938797161,
        0.0005311704007908702,
        -0.02355414256453514
    ],
    "charuco_detected": true,
    "T_cam_target_rvec": [
        [
            0.4793206727634089
        ],
        [
            0.25530604907722304
        ],
        [
            -1.5355399966382113
        ]
    ],
    "T_cam_target_tvec": [
        [
            -0.18734441594051346
        ],
        [
            0.07333381648665135
        ],
        [
            0.36181209003578696
        ]
    ]
}