{
    "joint_pose": [
        0.047394482889719175,
        0.3891110206137904,
        -0.00024324352125914997,
        -1.62684125038755,
        -0.12727745193518566,
        1.5846261121792387,
        0.835489639289924
    ],
    "O_T_EE": [
        0.9112013665168276,
        0.05581157356039702,
        -0.4081434698950947,
        0.5716362444679387,
        -0.004990498554328158,
        -0.9892014826628869,
        -0.1464127086201042,
        0.00039910947975621336,
        -0.411907649216731,
        0.135448299566539,
        -0.9011005641639097,
        0.2767990897652919,
        0.0,
        0.0,
        0.0,
        1.0
    ],
    "camera_intrinsics": [
        [
            634.578369140625,
            0.0,
            641.9505615234375
        ],
        [
            0.0,
            634.056396484375,
            358.99456787109375
        ],
        [
            0.0,
            0.0,
            1.0
        ]
    ],
    "dist_coeffs": [
        -0.06063492223620415,
        0.07267043739557266,
        -0.000246976938797161,
        0.0005311704007908702,
        -0.02355414256453514
    ],
    "charuco_detected": true,
    "T_cam_target_rvec": [
        [
            0.4834139619255758
        ],
        [
            0.2566131174864401
        ],
        [
            -1.5352003031005166
        ]
    ],
    "T_cam_target_tvec": [
        [
            -0.18735630129103725
        ],
        [
            0.07316252499641188
        ],
        [
            0.3627080385219865
        ]
    ]
}