{
    "joint_pose": [
        0.04736333919878591,
        0.3890832331723826,
        -0.0002301548563884865,
        -1.6268732117207738,
        -0.12721817975817498,
        1.584578316417005,
        0.8354817186000252
    ],
    "O_T_EE": [
        0.9111783652934755,
        0.05577662729721565,
        -0.40819959511740667,
        0.5716155723525068,
        -0.005006275714062964,
        -0.9892115401850242,
        -0.14634420113505042,
        0.000399291234747717,
        -0.41195833615281163,
        0.13538922967994138,
        -0.9010862696435505,
        0.2768018393276928,
        0.0,
        0.0,
        0.0,
        1.0
    ],
    "camera_intrinsics": [
        [
            633.8876342773438,
            0.0,
            641.9505615234375
        ],
        [
            0.0,
            633.3662109375,
            358.99456787109375
        ],
        [
            0.0,
            0.0,
            1.0
        ]
    ],
    "dist_coeffs": [
        -0.06063492223620415,
        0.07267043739557266,
        -0.000246976938797161,
        0.0005311704007908702,
        -0.02355414256453514
    ],
    "charuco_detected": true,
    "T_cam_target_rvec": [
        [
            0.4771486255552381
        ],
        [
            0.2644256609167764
        ],
        [
            -1.5711550582594038
        ]
    ],
    "T_cam_target_tvec": [
        [
            -0.18645539556783924
        ],
        [
            0.07947621888047314
        ],
        [
            0.36469096629346565
        ]
    ]
}