{
    "joint_pose": [
        0.04737836238218996,
        0.38912999477302634,
        -0.00022516722632365745,
        -1.6269149247903418,
        -0.12725476006004546,
        1.5845944575994046,
        0.835476820248461
    ],
    "O_T_EE": [
        0.9111490433513921,
        0.055827534067488166,
        -0.408258083991916,
        0.5716041489884319,
        -0.004981357336436747,
        -0.9892049327413333,
        -0.14638970801729403,
        0.0004026707946640948,
        -0.412023486927794,
        0.13541652181829975,
        -0.9010523792998169,
        0.2767601916537007,
        0.0,
        0.0,
        0.0,
        1.0
    ],
    "camera_intrinsics": [
        [
            634.578369140625,
            0.0,
            641.9505615234375
        ],
        [
            0.0,
            634.056396484375,
            358.99456787109375
        ],
        [
            0.0,
            0.0,
            1.0
        ]
    ],
    "dist_coeffs": [
        -0.06063492223620415,
        0.07267043739557266,
        -0.000246976938797161,
        0.0005311704007908702,
        -0.02355414256453514
    ],
    "charuco_detected": true,
    "T_cam_target_rvec": [
        [
            0.4829957215172255
        ],
        [
            0.256659736227112
        ],
        [
            -1.534918621579008
        ]
    ],
    "T_cam_target_tvec": [
        [
            -0.18780879739023948
        ],
        [
            0.0732697774935172
        ],
        [
            0.36266742530221663
        ]
    ]
}