{
    "joint_pose": [
        0.047236887152780564,
        0.3888588848817179,
        -0.0003374438218561308,
        -1.6271088462963437,
        -0.1271260789913329,
        1.5847532743281787,
        0.8354254188173347
    ],
    "O_T_EE": [
        0.9112397410867022,
        0.055563599012072626,
        -0.4080916245376063,
        0.5715913993006729,
        -0.005149603583680158,
        -0.9892335557321539,
        -0.14619032857004993,
        0.00028797751340911483,
        -0.41182078960195684,
        0.13531594724774096,
        -0.9011601488164234,
        0.2768389792033663,
        0.0,
        0.0,
        0.0,
        1.0
    ],
    "camera_intrinsics": [
        [
            633.8876342773438,
            0.0,
            641.9505615234375
        ],
        [
            0.0,
            633.3662109375,
            358.99456787109375
        ],
        [
            0.0,
            0.0,
            1.0
        ]
    ],
    "dist_coeffs": [
        -0.06063492223620415,
        0.07267043739557266,
        -0.000246976938797161,
        0.0005311704007908702,
        -0.02355414256453514
    ],
    "charuco_detected": true,
    "T_cam_target_rvec": [
        [
            0.47952826567322554
        ],
        [
            0.25501587017212546
        ],
        [
            -1.535775517525771
        ]
    ],
    "T_cam_target_tvec": [
        [
            -0.18738388032617295
        ],
        [
            0.07347272596408785
        ],
        [
            0.36170417036872216
        ]
    ]
}