{
    "joint_pose": [
        0.3693659623087443,
        0.21973484035123858,
        -7.897585850243363e-05,
        -1.8864119780691047,
        -0.28239363709423276,
        1.6851468048902496,
        1.157212645973897
    ],
    "O_T_EE": [
        0.9543952921528626,
        0.14219826253464973,
        -0.2624716246031683,
        0.5050591542004766,
        0.027016534980394667,
        -0.9167822680768329,
        -0.3984522347550163,
        0.13602322305873082,
        -0.2972885467947154,
        0.37318986317052216,
        -0.8788313051416108,
        0.2772704851230823,
        0.0,
        0.0,
        0.0,
        1.0
    ],
    "camera_intrinsics": [
        [
            633.8876342773438,
            0.0,
            641.9505615234375
        ],
        [
            0.0,
            633.3662109375,
            358.99456787109375
        ],
        [
            0.0,
            0.0,
            1.0
        ]
    ],
    "dist_coeffs": [
        -0.06063492223620415,
        0.07267043739557266,
        -0.000246976938797161,
        0.0005311704007908702,
        -0.02355414256453514
    ],
    "charuco_detected": true,
    "T_cam_target_rvec": [
        [
            0.5801494996537865
        ],
        [
            -0.05017330404290838
        ],
        [
            -1.5086482305528761
        ]
    ],
    "T_cam_target_tvec": [
        [
            -0.13173716619341932
        ],
        [
            0.05522331800010111
        ],
        [
            0.3303566820081506
        ]
    ]
}