{
    "joint_pose": [
        0.3694753560517964,
        0.21954949970816132,
        -0.00032185616009611933,
        -1.8866316091089745,
        -0.2824190640982149,
        1.6852034058124474,
        1.15729032735361
    ],
    "O_T_EE": [
        0.9544217757294183,
        0.14201544355043802,
        -0.26247430561298873,
        0.5050300116987188,
        0.026832469206007504,
        -0.9167782154219827,
        -0.3984739969704587,
        0.13593427016961515,
        -0.2972201869170754,
        0.3732694260478152,
        -0.8788206373494915,
        0.2772890721932211,
        0.0,
        0.0,
        0.0,
        1.0
    ],
    "camera_intrinsics": [
        [
            633.8876342773438,
            0.0,
            641.9505615234375
        ],
        [
            0.0,
            633.3662109375,
            358.99456787109375
        ],
        [
            0.0,
            0.0,
            1.0
        ]
    ],
    "dist_coeffs": [
        -0.06063492223620415,
        0.07267043739557266,
        -0.000246976938797161,
        0.0005311704007908702,
        -0.02355414256453514
    ],
    "charuco_detected": true,
    "T_cam_target_rvec": [
        [
            0.5749400954218621
        ],
        [
            -0.060108977325849786
        ],
        [
            -1.4742010508348573
        ]
    ],
    "T_cam_target_tvec": [
        [
            -0.13200787802073055
        ],
        [
            0.04881390134314263
        ],
        [
            0.3279721983253881
        ]
    ]
}