{
    "joint_pose": [
        0.36940168169925086,
        0.2197378761365873,
        -0.0001921902804098425,
        -1.886344618797302,
        -0.2823894757425428,
        1.6851740831202928,
        1.1572604487372768
    ],
    "O_T_EE": [
        0.9544309241918445,
        0.14205431229347784,
        -0.2624199993458233,
        0.5050964467757498,
        0.026910499593111363,
        -0.9167997555511875,
        -0.3984191716388468,
        0.13599624093073343,
        -0.297183752683687,
        0.3732017249173937,
        -0.8788617113141027,
        0.277294791708488,
        0.0,
        0.0,
        0.0,
        1.0
    ],
    "camera_intrinsics": [
        [
            633.8876342773438,
            0.0,
            641.9505615234375
        ],
        [
            0.0,
            633.3662109375,
            358.99456787109375
        ],
        [
            0.0,
            0.0,
            1.0
        ]
    ],
    "dist_coeffs": [
        -0.06063492223620415,
        0.07267043739557266,
        -0.000246976938797161,
        0.0005311704007908702,
        -0.02355414256453514
    ],
    "charuco_detected": true,
    "T_cam_target_rvec": [
        [
            0.5756418867206466
        ],
        [
            -0.060127565490988154
        ],
        [
            -1.4740850727049957
        ]
    ],
    "T_cam_target_tvec": [
        [
            -0.1319245685379857
        ],
        [
            0.04876559741866858
        ],
        [
            0.3280987341572053
        ]
    ]
}