{
    "joint_pose": [
        0.3693465646915335,
        0.21974807428010373,
        -0.00019611834784921502,
        -1.886343312012522,
        -0.2822925468522339,
        1.6851210922062372,
        1.157181680851564
    ],
    "O_T_EE": [
        0.9543983775166403,
        0.14204937073371474,
        -0.26254102011393604,
        0.5050845692921124,
        0.026881515225596054,
        -0.9168328836151282,
        -0.39834488777699967,
        0.13597681461221453,
        -0.2972908811820324,
        0.3731222141568803,
        -0.8788592396621109,
        0.2772858976251542,
        0.0,
        0.0,
        0.0,
        1.0
    ],
    "camera_intrinsics": [
        [
            634.578369140625,
            0.0,
            641.9505615234375
        ],
        [
            0.0,
            634.056396484375,
            358.99456787109375
        ],
        [
            0.0,
            0.0,
            1.0
        ]
    ],
    "dist_coeffs": [
        -0.06063492223620415,
        0.07267043739557266,
        -0.000246976938797161,
        0.0005311704007908702,
        -0.02355414256453514
    ],
    "charuco_detected": true,
    "T_cam_target_rvec": [
        [
            0.576462378382609
        ],
        [
            -0.05796419388559716
        ],
        [
            -1.4738419720890612
        ]
    ],
    "T_cam_target_tvec": [
        [
            -0.13199535373671906
        ],
        [
            0.048465932421165474
        ],
        [
            0.3294396813284585
        ]
    ]
}