{
    "joint_pose": [
        0.3693523617562912,
        0.21976353561190223,
        -0.00014334249450356104,
        -1.8863801491887946,
        -0.2823462206334224,
        1.6851353973216479,
        1.1571746546063157
    ],
    "O_T_EE": [
        0.9543878154280535,
        0.142145883959523,
        -0.26252717815610654,
        0.5050718187451294,
        0.02695886443823167,
        -0.9168036265349078,
        -0.3984069940529091,
        0.13599400337066306,
        -0.29731778334280135,
        0.3731573460981513,
        -0.8788352222226402,
        0.2772659852845569,
        0.0,
        0.0,
        0.0,
        1.0
    ],
    "camera_intrinsics": [
        [
            634.578369140625,
            0.0,
            641.9505615234375
        ],
        [
            0.0,
            634.056396484375,
            358.99456787109375
        ],
        [
            0.0,
            0.0,
            1.0
        ]
    ],
    "dist_coeffs": [
        -0.06063492223620415,
        0.07267043739557266,
        -0.000246976938797161,
        0.0005311704007908702,
        -0.02355414256453514
    ],
    "charuco_detected": true,
    "T_cam_target_rvec": [
        [
            0.5766719335040706
        ],
        [
            -0.05865750407949925
        ],
        [
            -1.4735522814759432
        ]
    ],
    "T_cam_target_tvec": [
        [
            -0.1323921999593031
        ],
        [
            0.0486746321188898
        ],
        [
            0.32916637018248623
        ]
    ]
}